{"cameraMode":{"drawMode":0,"name":"Shaded","section":"Shading Mode"},"sceneLighting":true,"audioPlay":false,"sceneViewState":{"m_AlwaysRefresh":false,"showFog":true,"showSkybox":true,"showFlares":true,"showImageEffects":true,"showParticleSystems":true,"showVisualEffectGraphs":true,"m_FxEnabled":true},"in2DMode":false,"pivot":{"x":-0.8411585092544556,"y":-0.060059964656829837,"z":5.256608009338379},"rotation":{"x":-0.18756601214408875,"y":0.47475215792655947,"z":-0.10432561486959458,"w":-0.8535501956939697},"size":0.3510357737541199,"orthographic":false}