{"cameraMode":{"drawMode":0,"name":"Shaded","section":"Shading Mode"},"sceneLighting":true,"audioPlay":false,"sceneViewState":{"m_AlwaysRefresh":false,"showFog":true,"showSkybox":true,"showFlares":true,"showImageEffects":true,"showParticleSystems":true,"showVisualEffectGraphs":true,"m_FxEnabled":true},"in2DMode":false,"pivot":{"x":-2.1316776275634767,"y":3.7277445793151857,"z":24.895254135131837},"rotation":{"x":-0.04079774394631386,"y":0.0035939293447881939,"z":-0.00014690219541080296,"w":-0.999155580997467},"size":73.69303894042969,"orthographic":false}